{
    "driverlist": {
            "header": {
                "font_size": 12,
                "font_name": "Dengxian",
                "font_color": "#000000",
                "align": "center",
                "valign": "vcenter"
            },
            "default": {
                "font_size": 12,
                "font_name": "Dengxian",
                "font_color": "#000000",
                "valign": "vcenter"
            }
    },

    "racecalendar": {
            "bigheader": {
                "font_size": 26,
                "font_name": "黑体",
                "font_color": "#000000",
                "bold": true,
                "align": "center",
                "valign": "vcenter"
            },
            "smallheader": {
                "font_size": 16,
                "font_name": "黑体",
                "font_color": "#000000",
                "align": "center",
                "valign": "vcenter"
            },
            "TO BE GO": {
                "font_size": 16,
                "font_name": "黑体",
                "font_color": "#000000",
                "num_format": "yyyy/m/dd",
                "align": "center",
                "valign": "vcenter"
            },
            "FINISHED": {
                "font_size": 16,
                "font_name": "黑体",
                "font_color": "#000000",
                "bg_color": "#00FF00",
                "num_format": "yyyy/m/dd",
                "align": "center",
                "valign": "vcenter"
            },
            "CANCELLED": {
                "font_size": 16,
                "font_name": "黑体",
                "font_color": "#FFFFFF",
                "bg_color": "#000000",
                "num_format": "yyyy/m/dd",
                "align": "center",
                "valign": "vcenter"
            },
            "ON GOING": {
                "font_size": 16,
                "font_name": "黑体",
                "font_color": "#000000",
                "bg_color": "#3399FF",
                "num_format": "yyyy/m/dd",
                "align": "center",
                "valign": "vcenter"
            }
    },

    "driverformat": {
            "default": {
                "font_size": 11,
                "font_name": "Dengxian",
                "font_color": "#000000",
                "text_wrap": true,
                "valign": "vcenter"
            }
    },

    "pointsformat": {
            "header": {
                "font_size": 11,
                "font_name": "Dengxian",
                "align": "center",
                "valign": "vcenter"
            },
            "default": {
                "font_size": 11,
                "font_name": "Dengxian",
                "font_color": "#000000",
                "text_wrap": true,
                "align": "center",
                "valign": "vcenter"
            },
            "1": {
                "font_size": 11,
                "font_name": "Dengxian",
                "font_color": "#000000",
                "bg_color": "#FFFF00",
                "align": "center",
                "valign": "vcenter"
            },
            "2": {
                "font_size": 11,
                "font_name": "Dengxian",
                "font_color": "#000000",
                "bg_color": "#EEECE1",
                "align": "center",
                "valign": "vcenter"
            },
            "3": {
                "font_size": 11,
                "font_name": "Dengxian",
                "font_color": "#000000",
                "bg_color": "#FFC000",
                "align": "center",
                "valign": "vcenter"
            },
            "points": {
                "font_size": 11,
                "font_name": "Dengxian",
                "font_color": "#000000",
                "bg_color": "#00B050",
                "align": "center",
                "valign": "vcenter"
            },
            "outpoint": {
                "font_size": 11,
                "font_name": "Dengxian",
                "font_color": "#000000",
                "bg_color": "#538DD5",
                "align": "center",
                "valign": "vcenter"
            },
            "retired": {
                "font_size": 11,
                "font_name": "Dengxian",
                "font_color": "#000000",
                "bg_color": "#7030A0",
                "align": "center",
                "valign": "vcenter"
            },
            "dnf": {
                "font_size": 11,
                "font_name": "Dengxian",
                "font_color": "#000000",
                "bg_color": "#7030A0",
                "align": "center",
                "valign": "vcenter"
            },
            "dsq": {
                "font_size": 11,
                "font_name": "Dengxian",
                "font_color": "#000000",
                "bg_color": "#FF0000",
                "align": "center",
                "valign": "vcenter"
            },
            "dns": {
                "font_size": 11,
                "font_name": "Dengxian",
                "font_color": "#000000",
                "bg_color": "#A6A6A6",
                "align": "center",
                "valign": "vcenter"
            },
            "dna": {
                "font_size": 11,
                "font_name": "Dengxian",
                "font_color": "#000000",
                "align": "center",
                "valign": "vcenter"
            }
    },

    "racedirector": {
            "header": {
                "font_size": 11,
                "font_name": "Dengxian",
                "align": "center",
                "valign": "vcenter"
            },
            "default": {
                "font_size": 11,
                "font_name": "Dengxian",
                "font_color": "#000000",
                "text_wrap": true,
                "valign": "vcenter"
            },
            "date": {
                "font_size": 11,
                "font_name": "Dengxian",
                "font_color": "#000000",
                "num_format": "yyyy/m/dd",
                "valign": "vcenter"
            }
    },

    "raceresult": {
            "header": {
                "font_size": 12,
                "font_name": "Dengxian",
                "font_color": "#000000",
                "align": "center",
                "valign": "vcenter"
            },
            "default": {
                "font_size": 12,
                "font_name": "Dengxian",
                "font_color": "#000000",
                "align": "center",
                "valign": "vcenter"
            },
            "drivername": {
                "font_size": 11,
                "font_name": "Dengxian",
                "font_color": "#000000",
                "valign": "vcenter"
            },
            "laptime": {
                "font_size": 12,
                "font_name": "Dengxian",
                "font_color": "#000000",
                "num_format": "m:ss.000",
                "align": "center",
                "valign": "vcenter"
            },
            "interval": {
                "font_size": 12,
                "font_name": "Dengxian",
                "font_color": "#000000",
                "text_wrap": true,
                "align": "center",
                "valign": "vcenter"
            },
            "posup": {
                "font_size": 12,
                "font_name": "Dengxian",
                "font_color": "#000000",
                "bg_color": "#00FF00",
                "align": "center",
                "valign": "vcenter"
            },
            "posdown": {
                "font_size": 12,
                "font_name": "Dengxian",
                "font_color": "#000000",
                "bg_color": "#FF0000",
                "align": "center",
                "valign": "vcenter"
            },
            "poshold": {
                "font_size": 12,
                "font_name": "Dengxian",
                "font_color": "#000000",
                "align": "center",
                "valign": "vcenter"
            }
    }
}