{
    "AUS": "Australia",
    "BHR": "Bahrain",
    "VNM": "Vietnam",
    "CHN": "China",
    "NLD": "Netherlands",
    "ESP": "Spain",
    "MCO": "Monaco",
    "AZE": "Azerbaijan",
    "CAN": "Canada",
    "FRA": "France",
    "AUT": "Austria",
    "GBR": "Britain",
    "HUN": "Hungary",
    "BEL": "Belgium",
    "ITA": "Italy",
    "SGP": "Singapore",
    "RUS": "Russia",
    "JPN": "Japan",
    "USA": "USA",
    "MEX": "Mexico",
    "BRA": "Brazil",
    "UAE": "Abu Dhabi",
    "SMR": "San Marino",
    "PRT": "Portugal",
    "SAU": "Saudi Arabia"
}