{
    "Australia" : "flags/Australia.png",
    "Bahrain" : "flags/Bahrain.png",
    "Vietnam" : "flags/Vietnam.png",
    "China" : "flags/China.png",
    "Netherlands" : "flags/Netherlands.png",
    "Spain" : "flags/Spain.png",
    "Monaco" : "flags/Monaco.png",
    "Azerbaijan" : "flags/Azerbaijan.png",
    "Canada" : "flags/Canada.png",
    "France" : "flags/France.png",
    "Austria" : "flags/Austria.png",
    "Britain" : "flags/Britain.png",
    "Hungary" : "flags/Hungary.png",
    "Belgium" : "flags/Belgium.png",
    "Italy" : "flags/Italy.png",
    "Singapore" : "flags/Singapore.png",
    "Russia" : "flags/Russia.png",
    "Japan" : "flags/Japan.png",
    "USA" : "flags/USA.png",
    "Mexico" : "flags/Mexico.png",
    "Brazil" : "flags/Brazil.png",
    "Abu Dhabi" : "flags/Abu Dhabi.png",
    "San Marino" : "flags/San Marino.png",
    "Portugal" : "flags/Portugal.png",
    "Saudi Arabia": "flags/Saudi Arabia.png"
}